{"train_loss": 7.614579200744629, "valid_loss": 6.327354431152344, "actor_grad_norm": 3.415705680847168, "encoder_grad_norm": 0.026518503203988075, "planner_grad_norm": 0.03486483171582222, "cnn_grad_norm": 0.011824449524283409, "gripper_cnn_grad_norm": 0.0, "img_embed_to_goal_space_norm": 0.0026310053654015064, "lang_embed_to_goal_space_norm": 0.0, "VQ_grad_norm": 0.0, "global_grad_norm": 3.416107654571533, "train_act_with_enc_loss": 7.608332633972168, "train_act_with_plan_loss": 7.622996807098389, "valid_act_with_enc_loss": 6.456667423248291, "valid_act_with_plan_loss": 6.325921058654785, "train_reg_loss": 0.624687671661377, "valid_reg_loss": 0.1433505415916443, "train_discrete_planner_loss": 0.0, "valid_discrete_planner_loss": 0.0, "commitment_loss": 0.0, "entropy": 0.0, "train_discrete_planner_acc": 0.0, "valid_discrete_planner_acc": 0.0, "valid_position_loss": 0.7935044169425964, "valid_max_position_loss": 2.5500967502593994, "valid_rotation_loss": 0.8860653638839722, "valid_max_rotation_loss": 2.9462575912475586, "valid_gripper_loss": 1.015526294708252, "valid_enc_position_loss": 0.7894052267074585, "valid_enc_max_position_loss": 2.7762835025787354, "valid_enc_rotation_loss": 0.8618378639221191, "valid_enc_max_rotation_loss": 2.5331873893737793, "valid_enc_gripper_loss": 0.9723615050315857, "valid_lang_position_loss": 0.0, "valid_lang_max_position_loss": 0.0, "valid_lang_rotation_loss": 0.0, "valid_lang_max_rotation_loss": 0.0, "valid_lang_gripper_loss": 0.0, "step_time": 9.5, "_timestamp": 1659350495, "_runtime": 15, "_step": 0, "_wandb": {"runtime": 1283}}