{"train_loss": -6.005284309387207, "valid_loss": -2.665255308151245, "actor_grad_norm": 145.9049530029297, "encoder_grad_norm": 0.00015067998901940882, "planner_grad_norm": 0.00013978275819681585, "cnn_grad_norm": 1.7540385670145042e-05, "gripper_cnn_grad_norm": 0.0, "img_embed_to_goal_space_norm": 3.1958159070200054e-06, "lang_embed_to_goal_space_norm": 0.0, "VQ_grad_norm": 0.0, "global_grad_norm": 145.9049530029297, "train_act_with_enc_loss": -6.005287170410156, "train_act_with_plan_loss": -5.95885705947876, "valid_act_with_enc_loss": -3.2373600006103516, "valid_act_with_plan_loss": -2.665260076522827, "train_reg_loss": 0.00035235335235483944, "valid_reg_loss": 0.0004797792644239962, "train_discrete_planner_loss": 0.0, "valid_discrete_planner_loss": 0.0, "commitment_loss": 0.0, "entropy": 0.0, "train_discrete_planner_acc": 0.0, "valid_discrete_planner_acc": 0.0, "valid_position_loss": 0.10254637897014618, "valid_max_position_loss": 0.7620548605918884, "valid_rotation_loss": 0.17292863130569458, "valid_max_rotation_loss": 0.6370238661766052, "valid_gripper_loss": 0.4620696008205414, "valid_enc_position_loss": 0.09912370890378952, "valid_enc_max_position_loss": 0.9387266039848328, "valid_enc_rotation_loss": 0.1832544505596161, "valid_enc_max_rotation_loss": 1.043023943901062, "valid_enc_gripper_loss": 0.4416395127773285, "valid_lang_position_loss": 0.0, "valid_lang_max_position_loss": 0.0, "valid_lang_rotation_loss": 0.0, "valid_lang_max_rotation_loss": 0.0, "valid_lang_gripper_loss": 0.0, "step_time": 1.7, "_timestamp": 1659353759, "_runtime": 828, "_step": 580}